view_type,title,brand,number_of_views
Folio View,DISCOVERY,Land Rover,3034
Folio View,LAND ROVER CORE,Land Rover,1636
Folio View,F-PACE,Jaguar,668
Folio View,JAGUAR CORE,Jaguar,648
Folio View,DISCOVERY SPORT,Land Rover,624
Folio View,RANGE ROVER,Land Rover,568
Folio View,RANGE ROVER SPORT,Land Rover,507
Folio View,EVOQUE,Land Rover,415
Folio View,XE,Jaguar,395
Folio View,XJ,Jaguar,346
Folio View,F-TYPE ,Jaguar,343
Folio View,XF,Jaguar,341
Video,DISCOVERY - Panoramic Sunroof,Land Rover,72
Video,INCONTROL TOUCH PRO,Jaguar,58
Video,DISCOVERY - The Discovery,Land Rover,53
Video,DISCOVERY - The Discovery Launch,Land Rover,50
Video,DISCOVERY - Remote Intelligent Seat Fold,Land Rover,49
Video,JAGUAR LAND ROVER -  & MERIDIAN,Jaguar,43
Video,DISCOVERY - VBH & JS 2 Speed Transfer Case,Land Rover,39
Video,DISCOVERY - VBH & JS Advanced Tow Assist,Land Rover,37
Video,DISCOVERY - VBH & JS 4-Wheel Air Suspension,Land Rover,35
Video,F-PACE - ADAPTIVE DYNAMICS ,Jaguar,35
Video,ACTIVE DRIVELINE,Land Rover,33
Video,DISCOVERY - Revolutionary Design,Land Rover,29
Video,LAND ROVER CORE - BRAND MODEL,Land Rover,23
Video,F-PACE - ACTIVITY KEY ,Jaguar,21
Video,DISCOVERY - VBH & JS 4X4i Touch Screen,Land Rover,20
Video,DISCOVERY - VBH & JS 4-Wheel Air Suspension 2 Stage,Land Rover,19
Video,ADAPTIVE DYNAMICS VIDEO,Land Rover,17
Video,DISCOVERY - VBH & JS 4-Wheel Air Suspension Auto,Land Rover,17
Video,F-PACE - ADSR,Jaguar,17
Video,RANGE ROVER SPORT - THE RANGE ROVER SPORT,Land Rover,17
Video,JAGUAR LAND ROVER - MERIDIAN - AUTHENTICITY OF SOUND,Jaguar,16
Video,DISCOVERY - VBH & JS Ground Clearance,Land Rover,15
Video,LAND ROVER CORE - INCONTOL TOUCH,Land Rover,14
Video,JAGUAR LAND ROVER - MERIDIAN SYSTEM APPROACH ,Jaguar,14
Video,DISCOVERY SPORT - TOWING CAPABILITY,Land Rover,14
Video,LAND ROVER CORE - BRAND,Land Rover,14
Video,DISCOVERY - VBH Volvo XC90 Walkaround Profile,Land Rover,13
Video,DISCOVERY - VBH & JS ATPC,Land Rover,13
Video,JAGUAR LAND ROVER - MERIDIAN SOUND SYSTEM,Jaguar,12
Video,DISCOVERY - VBH Audi Q7 Walkaround Interior,Land Rover,12
Video,JAGUAR CORE - BRAND MODEL,Jaguar,11
Video,DISCOVERY - VBH Audi Q7 Walkaround Conclusion,Land Rover,11
Video,RANGE ROVER - SVAUTOBIOGRAPHY DYNAMIC video,Land Rover,9
Video,F-PACE - BEN COLLINS ACTIVITY KEY ,Jaguar,9
Video,DISCOVERY - VBH Walkaround Interior General,Land Rover,9
Video,F-PACE - ALL CONDITIONS,Jaguar,9
Video,RANGE ROVER - THE RANGE ROVER Video,Land Rover,8
Video,F-PACE - INCONTROL TECH,Jaguar,8
Video,DISCOVERY - VBH Walkaround Rear Loadspace,Land Rover,8
Video,JAGUAR LAND ROVER - MERIDIAN SURROUND SOUND SYSTEM,Jaguar,8
Video,DISCOVERY - VBH & JS Active Locking Rear Differential,Land Rover,8
Video,F-PACE - BEN COLLINS INTRO,Jaguar,8
Video,RANGE ROVER SPORT - THE RANGE ROVER SPORT VIDEO 2,Land Rover,8
Video,DISCOVERY - VBH & JS GLE Driving Aids Video,Land Rover,8
Video,LAND ROVER CORE - CUSTOMER FIRST ,Land Rover,7
Video,DISCOVERY - VBH & JS Approach And Departure Angles,Land Rover,7
Video,DISCOVERY - VBH Walkaround Rear General,Land Rover,7
Video,F-PACE - BMW X4 DESIGN,Jaguar,7
Video,DISCOVERY - VBH & JS Q7 AWD Suspension,Land Rover,7
Video,DISCOVERY - VBH & JS GLE Suspension,Land Rover,7
Video,DISCOVERY - VBH & JS Intro,Land Rover,7
Video,DISCOVERY - VBH & JS Q7 All Wheel Drive,Land Rover,6
Video,DISCOVERY - VBH Walkaround Intro,Land Rover,6
Video,DISCOVERY SPORT - Adaptive Dynamics,Land Rover,6
Video,JAGUAR CORE - ELITECARE ,Jaguar,6
Video,DISCOVERY - VBH Walkaround Conclusion,Land Rover,6
Video,JAGUAR CORE - CUSTOMER FIRST,Jaguar,6
Video,DISCOVERY - VBH & JS Next Generation Terrain,Land Rover,6
Video,DISCOVERY - Wheel Articulation,Land Rover,6
Video,F-PACE - DOUBLE WISHBONE,Jaguar,6
Video,DISCOVERY - VBH Audi Q7 Walkaround Rear,Land Rover,5
Video,DISCOVERY - VBH & JS XC90 Driving Aids,Land Rover,5
Video,DISCOVERY - VBH & JS Advanced Suspension,Land Rover,5
Video,F-PACE - DRIVE CONTROL ,Jaguar,5
Video,DISCOVERY - VBH & JS XC90 Suspension,Land Rover,5
Video,F-PACE - BMW X4 HANDLING,Jaguar,4
Video,F-PACE - PARK ASSIST,Jaguar,4
Video,DISCOVERY - VBH & JS Low Traction Launch,Land Rover,4
Video,RANGE ROVER - SVAUTOBIOGRAPHY video,Land Rover,4
Video,DISCOVERY SPORT - 5 Plus 2 Seating,Land Rover,4
Video,F-PACE - DESIGN,Jaguar,4
Video,F-PACE - BMW X4 INTERIOR,Jaguar,4
Video,F-PACE - DOUBLE WISHBONE AND INTEGRAL LINK,Jaguar,3
Video,F-PACE - Porsche Macan Design,Jaguar,3
Video,DISCOVERY - VBH Walkaround Side Profile Technology,Land Rover,3
Video,"DISCOVERY - VBH & JS RSC, ETC & DSC",Land Rover,3
Video,F-PACE - DRIVER EXTRAS,Jaguar,3
Video,XE - Aluminium Architecture,Jaguar,3
Video,F-PACE - PORSCHE MACAN INTERIOR,Jaguar,3
Video,F-PACE - INTERIOR TECH,Jaguar,3
Video,DISCOVERY SPORT - GRADIENT ACCELERATION CONTROL,Land Rover,3
Video,THE EVOQUE CONVERTIBLE,Land Rover,3
Video,XE - Autonomous Emergency Breaking Tech Clip ,Jaguar,3
Video,DISCOVERY - VBH Mercedes GLE Walkaround Conclusion,Land Rover,3
Video,DISCOVERY - VBH Volvo XC90 Walkaround Technology,Land Rover,3
Video,DISCOVERY - VBH & JS Hill Start Assist,Land Rover,2
Video,F-PACE - REAR,Jaguar,2
Video,XE - All Surface Progress Control Tech Clip,Jaguar,2
Video,F-PACE - BMW X4 REAR ,Jaguar,2
Video,F-PACE - REAR TECH,Jaguar,2
Video,XE -Blind Spot monitor ,Jaguar,2
Video,DISCOVERY SPORT - WALKAROUND FRONT,Land Rover,2
Video,F-PACE - THE COMPETITION,Jaguar,2
Video,F-PACE - SIZZLER,Jaguar,2
Video,DISCOVERY - VBH Mercedes GLE Walkaround Interior,Land Rover,2
Video,DISCOVERY SPORT - WALKAROUND INTRO,Land Rover,2
Video,XJ - INTRODUCING THE JAGUAR XJR  ,Jaguar,2
Video,F-PACE - ENGINE RANGE ,Jaguar,2
Video,DISCOVERY - VBH Audi Q7 Walkaround Technology,Land Rover,2
Video,DISCOVERY - VBH Walkaround Interior Technology,Land Rover,2
Video,F-PACE - DRIVE TRAINS ,Jaguar,2
Video,F-PACE - F-TYPE INSPIRED DESIGN,Jaguar,2
Video,XJ - THE XJR PERFORMANCE,Jaguar,2
Video,INTRODUCING THE EVOQUE 2,Land Rover,2
Video,DISCOVERY SPORT - EFFICIENT DRIVELINE,Land Rover,2
Video,DISCOVERY SPORT - APPROACH AND DEPARTURE ANGLES,Land Rover,2
Video,DISCOVERY SPORT - COMMAND DRIVING POSITION,Land Rover,2
Video,DISCOVERY SPORT - DISCOVERY SPORT,Land Rover,2
Video,DISCOVERY - VBH Walkaround Side Profile General,Land Rover,2
Video,F-PACE - EFFICIENCY,Jaguar,2
Video,DISCOVERY - VBH Volvo XC90 Walkaround Rear,Land Rover,2
Video,F-PACE - REAR & LOAD SPACE,Jaguar,1
Video,F-PACE - SIDE,Jaguar,1
Video,DISCOVERY - VBH Volvo XC90 Walkaround Front,Land Rover,1
Video,XE - Driving Experience,Jaguar,1
Video,F-PACE - TORQUE VECTORING,Jaguar,1
Video,DISCOVERY - VBH Audi Q7 Walkaround Intro,Land Rover,1
Video,F-PACE - PERFORMANCE,Jaguar,1
Video,POWERED TAILGATE,Land Rover,1
Video,DISCOVERY - VBH Audi Q7 Walkaround Profile,Land Rover,1
Video,DISCOVERY - VBH Mercedes GLE Walkaround Intro,Land Rover,1
Video,DISCOVERY - VBH Volvo XC90 Walkaround Intro,Land Rover,1
Video,DISCOVERY - VBH Mercedes GLE Walkaround Front,Land Rover,1
Video,DISCOVERY SPORT - WADE CAPABILITY,Land Rover,1
Video,DISCOVERY - VBH Volvo XC90 Walkaround Conclusion,Land Rover,1
Video,DISCOVERY SPORT - INTERIOR DESIGN 2,Land Rover,1
Video,JAGUAR CORE - JAGUAR  ALUMINIUM ARCHITECTURE,Jaguar,1
Video,DISCOVERY SPORT - TERRAIN RESPONSE DYNAMIC MODE,Land Rover,1
Video,DISCOVERY - VBH Mercedes GLE Walkaround Rear,Land Rover,1
Video,XJ - REAR SEAT EXPERIENCE,Jaguar,1
Video,F-PACE - BMW X4 SIDE,Jaguar,1
Video,DISCOVERY SPORT - LOAD SPACE AND SEATING,Land Rover,1
Video,F-PACE - PORSCHE MACAN HANDLING,Jaguar,1
Video,XE -Ride and Handling Tech Clip,Jaguar,1
Video,DISCOVERY SPORT - STEEL AND ALUMINUM ARCHITECTURE,Land Rover,1
Video,XE -Design Exterior ,Jaguar,1
Video,DISCOVERY SPORT - EXTERIOR DESIGN 2,Land Rover,1
Video,HEAD UP DISPLAY,Land Rover,1
Video,F-PACE - FRONT TECH,Jaguar,1
Video,THE XJ  JAGUARS FLAGSHIP,Jaguar,1
Video,DISCOVERY - VBH Walkaround Front Technology,Land Rover,1
Video,DISCOVERY - VBH Walkaround Front Design,Land Rover,1
Video,F-PACE - BMW X4 INTRO,Jaguar,1
Video,DISCOVERY SPORT - EXTERIOR DESIGN,Land Rover,1
Video,JAGUAR CORE - QUALITY THROUGH VIRTUAL TESTING,Jaguar,1
Video,XJ - INCONTROL CONNECTED NAVIGATION ,Jaguar,1
Video,DISCOVERY - VBH Volvo XC90 Walkaround Interior,Land Rover,1
Video,DISCOVERY - VBH Audi Q7 Walkaround Front,Land Rover,1
Video,F-PACE - PORSCHE MACAN INTRO,Jaguar,1
Video,DISCOVERY - VBH Volvo XC90 Walkaround Safety,Land Rover,1
